Organization Name,Organization URL,Site Map,Events
4youth Productions,www.fouryouth.org,https://fouryouth.org/wp-sitemap-posts-page-1.xml,NKS
Art Works for All,http://www.artworksforall.org/,,NKS
Biggs Museum of American Art,https://www.thebiggsmuseum.org/,https://www.thebiggsmuseum.org/wp-sitemap-posts-page-1.xml,https://www.thebiggsmuseum.org/wp-sitemap-posts-tribe_events-1.xml
Brandywine Baroque,www.brandywinebaroque.org,https://www.brandywinebaroque.org/pages-sitemap.xml,https://www.brandywinebaroque.org/concert-season
Candlelight Theatre,https://candlelighttheatredelaware.org/,https://candlelighttheatredelaware.org/wp-sitemap-posts-page-1.xml,https://candlelighttheatredelaware.org/wp-sitemap-posts-mec-events-1.xml
"Capital Ringers, Inc.",http://www.capitalringers.org,https://www.capitalringers.org/sitemap_index.xml,https://www.capitalringers.org/event_category-sitemap.xml
"Center for the Creative Arts, Inc.",www.ccarts.org,https://www.ccarts.org/sitemap.xml,https://www.ccarts.org/events
Chapel Street Players,www.chapelstreetplayers.org,https://chapelstreetplayers.org/page-sitemap.xml,https://chapelstreetplayers.org/tribe_events-sitemap.xml
Christina Cultural Arts Center,www.ccacde.org,https://ccacde.org/sitemap-1.xml,https://ccacde.org/events/
City Theater Company,https://www.city-theater.org/,https://www.city-theater.org/pages-sitemap.xml,https://www.city-theater.org/event-pages-sitemap.xml
Clear Space Theatre Company,www.clearspacetheatre.org,https://www.clearspacetheatre.org/sitemap.xml,https://www.clearspacetheatre.org/upcomingshows
"Coastal Concerts, Inc.",https://www.coastalconcerts.org/,https://www.coastalconcerts.org/pages-sitemap.xml,https://www.coastalconcerts.org/coastal-concerts-season
"CoroAllegro, Inc.",http://www.coroallegro.com,https://www.coroallegro.com/pages-sitemap.xml,https://www.coroallegro.com/performances
"Culture Restoration Project, Inc.",www.crpde.org,https://www.crpde.org/pages-sitemap.xml,https://www.crpde.org/events-calendar
Delaware Academy of Vocal Arts,www.elevatevocalarts.org,https://www.elevatevocalarts.org/sitemap.xml,https://elevatevocalarts.org/concerts-and-events
Delaware Art Museum,delart.org,https://delart.org/page-sitemap.xml,https://delart.org/tribe_events-sitemap.xml
Delaware Celebration of Jazz Inc.,https://www.rehobothjazz.com/,,NKS
Delaware Children's Theatre Ltd.,https://www.dechildrenstheatre.org/,https://www.dechildrenstheatre.org/sitemap.xml,https://www.dechildrenstheatre.org/news
Delaware Choral Arts Association,http://delawarechoralarts.org,https://delawarechoralarts.org/wp-sitemap-posts-page-1.xml,https://delawarechoralarts.org/wp-sitemap-posts-event-1.xml
Delaware Choral Society,https://www.delawarechoralsociety.org/,,https://www.delawarechoralsociety.org/tickets/
Delaware Dance Company,https://www.delawaredancecompany.org/,https://www.delawaredancecompany.org/sitemap.xml,https://www.delawaredancecompany.org/ddc-calendar
Delaware Institute for the Arts in Education,https://diae.org/,https://diae.org/page-sitemap.xml,https://diae.org/events/
Delaware Photographic Society,https://www.delawarephotographicsociety.org/,NKS,https://www.delawarephotographicsociety.org/club/clubschedules.aspx
"Delaware Shakespeare Festival, Inc",https://delshakes.org,https://delshakes.org/page-sitemap.xml,https://delshakes.org/tribe_events-sitemap.xml
Delaware Symphony Association,www.delawaresymphony.org,https://www.delawaresymphony.org/wp-sitemap-posts-page-1.xml,https://www.delawaresymphony.org/wp-sitemap-posts-dso_events-1.xml
Delaware Theatre Company,https://www.delawaretheatre.org/,https://www.delawaretheatre.org/pages-sitemap.xml,https://www.delawaretheatre.org/25-26-season
Developing Artist Collaboration Incorporated,http://www.developingarts.org,https://www.developingarts.org/sitemap.xml,https://www.developingarts.org/calendar
Everett Inc.,https://theeverett.org,https://theeverett.org/sitemap.xml,https://theeverett.org/all-event-tickets
"First State Ballet Theatre, Inc.",http://www.firststateballet.org,http://www.firststateballet.org/sitemap.xml,https://www.firststateballet.org/school-pages
Grand Opera House Inc.,https://www.thegrandwilmington.org/,NKS,https://tickets.thegrandwilmington.org/events
Inner City Cultural League,https://www.icclarts.org/,https://www.icclarts.org/pages-sitemap.xml,https://www.icclarts.org/calendar
"Jester Artspace, Inc.",https://www.jesterartspace.org,https://www.jesterartspace.org/wp-sitemap-posts-page-1.xml,https://www.jesterartspace.org/wp-sitemap-posts-calendar-1.xml
Joshua M. Freeman Foundation,www.freemanarts.org,https://www.freemanarts.org/sitemap.xml,https://www.freemanarts.org/events
"Kent County Theatre Guild, Inc",https://www.kctg.org/,https://www.kctg.org/sitemap.xml,https://www.kctg.org/events
Market Street Music Corporation,https://marketstreetmusicde.org/,https://marketstreetmusicde.org/sitemap.xml ,https://marketstreetmusicde.org/past-concerts; https://marketstreetmusicde.org/concerts
Milford Community Band,https://milfordcommunityband.org/,http://milfordcommunityband.org/sitemap.website.xml,http://milfordcommunityband.org/all-events
Milton Arts Guild,www.miltonartsguild.org,https://miltonartsguild.org/wp-sitemap-posts-page-1.xml,https://miltonartsguild.org/calendar/
Mispillion Art League Inc,https://mispillionarts.org/,NKS,https://mispillionarts.org/events-2/
New Light Theatre Company,www.newlighttheatre.com,https://www.newlighttheatre.com/pages-sitemap.xml,https://www.newlighttheatre.com/past-productions; https://www.newlighttheatre.com/spelling-bee
"Newark Arts Alliance, Inc.",https://www.newarkartsalliance.org/,https://www.newarkartsalliance.org/sitemap.xml,https://www.newarkartsalliance.org/upcoming-events
Newark Symphony Orchestra,newarksymphony.org,https://newarksymphony.org/page-sitemap.xml,https://newarksymphony.org/event-sitemap.xml
OperaDelaware,www.operade.org,https://www.operade.org/sitemap.xml,https://operade.app.getcuebox.com/o/ZVM24G8G/shows
"Pieces of a Dream, Inc.",www.piecesofadream.org,http://www.piecesofadream.org/sitemap.xml,http://www.piecesofadream.org/tickets--events.html
Possum Point Players,https://possumpointplayers.org/,https://possumpointplayers.org/sitemap.website.xml,https://possumpointplayers.org/calendar-1
"Reed's Refuge, Inc.",www.reedsrefugecenter.org,https://reedsrefugecenter.org/page-sitemap.xml,https://reedsrefugecenter.org/events_/
Rehoboth Art League,https://www.rehobothartleague.org/,https://www.rehobothartleague.org/page-sitemap.xml,https://www.rehobothartleague.org/events/
Rehoboth Beach Film Society,https://www.rehobothfilm.org/,https://www.rehobothfilm.org/sitemap.xml,https://www.rehobothfilm.org/CAT-this-week-cinema-art-theater-now-playing
"Rehoboth Concert Band, Inc.",https://www.rehobothconcertband.org/,https://www.rehobothconcertband.org/sitemap.xml,https://www.rehobothconcertband.org/index.html
Rehoboth Summer Children's Theatre,https://www.rehobothchildrenstheatre.org/,https://www.rehobothchildrenstheatre.org/sitemap.xml,https://www.rehobothchildrenstheatre.org/shows--schedule.html
"Seaford Community Concert Association, inc",www.seafordconcerts.org,https://seafordconcerts.org/page-sitemap.xml,https://seafordconcerts.org/concerts/
Second Street Players,http://www.secondstreetplayers.com/,NKS,http://www.secondstreetplayers.com/Archive_20-29.html; https://milford.booktix.com/; http://www.secondstreetplayers.com/SSP-Main-Stage-2026.html
Smyrna Clayton Heritage Association,https://www.smyrnaoperahouse.org,https://smyrnaoperahouse.org/page-sitemap.xml,https://smyrnaoperahouse.org/tribe_events-sitemap.xml
Southern Delaware Chorale,https://southerndelawarechorale.org/,https://southerndelawarechorale.org/sitemap.website.xml,https://southerndelawarechorale.org/2025-2026-season
Southern Delaware Orchestra,https://www.sodelomusic.org,https://www.sodelomusic.org/pages-sitemap.xml,https://www.sodelomusic.org/events
The Brandywiners Ltd,http://www.Brandywiners.org,https://brandywiners.org/wp-sitemap-posts-page-1.xml,https://brandywiners.org/calendar/
"The Children's Theatre, Inc.",https://www.thechildrenstheatreinc.org/,https://www.thechildrenstheatreinc.org/pages-sitemap.xml,https://www.thechildrenstheatreinc.org/shows
"The Choir School of Delaware, Inc.",www.choirschoolofdelaware.org,https://www.choirschoolofdelaware.org/sitemap.xml,https://www.choirschoolofdelaware.org/upcoming-events
The Delaware Contemporary,http://decontemporary.org,https://decontemporary.org/sitemap.xml,https://www.decontemporary.org/upcoming
"The Dover Art League, Inc.",www.thedoverartleague.com,https://www.thedoverartleague.com/sitemap.xml,https://www.thedoverartleague.com/events
"The Henry Francis du Pont Winterthur Museum, Inc.",www.winterthur.org,https://www.winterthur.org/page-sitemap.xml,https://www.winterthur.org/tribe_events-sitemap.xml
"The Music School of Delaware, Inc",https://www.musicschoolofdelaware.org/,https://www.musicschoolofdelaware.org/page-sitemap.xml,https://www.musicschoolofdelaware.org/tribe_events-sitemap.xml
The Rainbow Chorale of Delaware,https://therainbowchorale.org/,,https://therainbowchorale.org/past-performances; https://events.ticketleap.com/events/therainbowchorale
Theatre N Inc,theatren.com,https://theatren.com/sitemap.xml,https://theatren.com/coming-soon
Wilmington Ballet Academy of the Dance Inc,https://www.wilmingtonballet.org/,https://www.wilmingtonballet.org/sitemap.xml,https://www.wilmingtonballet.org/events
Wilmington Children's Chorus,www.wilmingtonchildrenschorus.org,https://www.wilmingtonchildrenschorus.org/wp-sitemap-posts-page-1.xml,https://www.wilmingtonchildrenschorus.org/events/
"Wilmington Concert Opera, Inc.",www.wilmingtonconcertopera.com,https://www.wilmingtonconcertopera.com/sitemap.xml,https://www.wilmingtonconcertopera.com/events
Wilmington Drama League,https://www.wilmingtondramaleague.org/,https://www.wilmingtondramaleague.org/pages-sitemap.xml,https://www.wilmingtondramaleague.org/2026-2027-season