Source Category,Organization Name,Organization URL,Sitemap,Event Page
ddoa-grantee,4youth Productions,https://www.fouryouth.org/,https://fouryouth.org/wp-sitemap-posts-page-1.xml,NKS
ddoa-grantee,Art Works for All,http://www.artworksforall.org/,,NKS
ddoa-grantee,Biggs Museum of American Art,https://www.thebiggsmuseum.org/,https://www.thebiggsmuseum.org/wp-sitemap-posts-page-1.xml,https://www.thebiggsmuseum.org/wp-sitemap-posts-tribe_events-1.xml
ddoa-grantee,Brandywine Baroque,https://www.brandywinebaroque.org/,https://www.brandywinebaroque.org/pages-sitemap.xml,https://www.brandywinebaroque.org/concert-season
ddoa-grantee,Candlelight Theatre,https://candlelighttheatredelaware.org/,https://candlelighttheatredelaware.org/wp-sitemap-posts-page-1.xml,https://candlelighttheatredelaware.org/wp-sitemap-posts-mec-events-1.xml
ddoa-grantee,"Capital Ringers, Inc.",http://www.capitalringers.org/,https://www.capitalringers.org/sitemap_index.xml,https://www.capitalringers.org/event_category-sitemap.xml
ddoa-grantee,"Center for the Creative Arts, Inc.",https://www.ccarts.org/,https://www.ccarts.org/sitemap.xml,https://www.ccarts.org/events
ddoa-grantee,Chapel Street Players,https://www.chapelstreetplayers.org/,https://chapelstreetplayers.org/page-sitemap.xml,https://chapelstreetplayers.org/tribe_events-sitemap.xml
ddoa-grantee,Christina Cultural Arts Center,https://www.ccacde.org/,https://ccacde.org/sitemap-1.xml,https://ccacde.org/events/
ddoa-grantee,City Theater Company,https://www.city-theater.org/,https://www.city-theater.org/pages-sitemap.xml,https://www.city-theater.org/event-pages-sitemap.xml
ddoa-grantee,Clear Space Theatre Company,https://www.clearspacetheatre.org/,https://www.clearspacetheatre.org/sitemap.xml,https://www.clearspacetheatre.org/upcomingshows
ddoa-grantee,"Coastal Concerts, Inc.",https://www.coastalconcerts.org/,https://www.coastalconcerts.org/pages-sitemap.xml,https://www.coastalconcerts.org/coastal-concerts-season
ddoa-grantee,"CoroAllegro, Inc.",http://www.coroallegro.com/,https://www.coroallegro.com/pages-sitemap.xml,https://www.coroallegro.com/performances
ddoa-grantee,"Culture Restoration Project, Inc.",https://www.crpde.org/,https://www.crpde.org/pages-sitemap.xml,https://www.crpde.org/events-calendar
ddoa-grantee,Delaware Academy of Vocal Arts,https://www.elevatevocalarts.org/,https://www.elevatevocalarts.org/sitemap.xml,https://elevatevocalarts.org/concerts-and-events
ddoa-grantee,Delaware Art Museum,https://delart.org/,https://delart.org/page-sitemap.xml,https://delart.org/tribe_events-sitemap.xml
ddoa-grantee,Delaware Celebration of Jazz Inc.,https://www.rehobothjazz.com/,,NKS
ddoa-grantee,Delaware Children's Theatre Ltd.,https://www.dechildrenstheatre.org/,https://www.dechildrenstheatre.org/sitemap.xml,https://www.dechildrenstheatre.org/news
ddoa-grantee,Delaware Choral Arts Association,http://delawarechoralarts.org/,https://delawarechoralarts.org/wp-sitemap-posts-page-1.xml,https://delawarechoralarts.org/wp-sitemap-posts-event-1.xml
ddoa-grantee,Delaware Choral Society,https://www.delawarechoralsociety.org/,,https://www.delawarechoralsociety.org/tickets/
ddoa-grantee,Delaware Dance Company,https://www.delawaredancecompany.org/,https://www.delawaredancecompany.org/sitemap.xml,https://www.delawaredancecompany.org/ddc-calendar
ddoa-grantee,Delaware Institute for the Arts in Education,https://diae.org/,https://diae.org/page-sitemap.xml,https://diae.org/events/
ddoa-grantee,Delaware Photographic Society,https://www.delawarephotographicsociety.org/,NKS,https://www.delawarephotographicsociety.org/club/clubschedules.aspx
ddoa-grantee,"Delaware Shakespeare Festival, Inc",https://delshakes.org/,https://delshakes.org/page-sitemap.xml,https://delshakes.org/tribe_events-sitemap.xml
ddoa-grantee,Delaware Symphony Association,https://www.delawaresymphony.org/,https://www.delawaresymphony.org/wp-sitemap-posts-page-1.xml,https://www.delawaresymphony.org/wp-sitemap-posts-dso_events-1.xml
ddoa-grantee,Delaware Theatre Company,https://www.delawaretheatre.org/,https://www.delawaretheatre.org/pages-sitemap.xml,https://www.delawaretheatre.org/25-26-season
ddoa-grantee,Developing Artist Collaboration Incorporated,http://www.developingarts.org/,https://www.developingarts.org/sitemap.xml,https://www.developingarts.org/calendar
ddoa-grantee,Everett Inc.,https://theeverett.org/,https://theeverett.org/sitemap.xml,https://theeverett.org/all-event-tickets
ddoa-grantee,"First State Ballet Theatre, Inc.",http://www.firststateballet.org/,http://www.firststateballet.org/sitemap.xml,https://www.firststateballet.org/school-pages
ddoa-grantee,Grand Opera House Inc.,https://www.thegrandwilmington.org/,NKS,https://tickets.thegrandwilmington.org/events
ddoa-grantee,Inner City Cultural League,https://www.icclarts.org/,https://www.icclarts.org/pages-sitemap.xml,https://www.icclarts.org/calendar
ddoa-grantee,"Jester Artspace, Inc.",https://www.jesterartspace.org/,https://www.jesterartspace.org/wp-sitemap-posts-page-1.xml,https://www.jesterartspace.org/wp-sitemap-posts-calendar-1.xml
ddoa-grantee,Joshua M. Freeman Foundation,https://www.freemanarts.org/,https://www.freemanarts.org/sitemap.xml,https://www.freemanarts.org/events
ddoa-grantee,"Kent County Theatre Guild, Inc",https://www.kctg.org/,https://www.kctg.org/sitemap.xml,https://www.kctg.org/events
ddoa-grantee,Market Street Music Corporation,https://marketstreetmusicde.org/,https://marketstreetmusicde.org/sitemap.xml,https://marketstreetmusicde.org/past-concerts; https://marketstreetmusicde.org/concerts
ddoa-grantee,Milford Community Band,https://milfordcommunityband.org/,http://milfordcommunityband.org/sitemap.website.xml,http://milfordcommunityband.org/all-events
ddoa-grantee,Milton Arts Guild,https://www.miltonartsguild.org/,https://miltonartsguild.org/wp-sitemap-posts-page-1.xml,https://miltonartsguild.org/calendar/
ddoa-grantee,Mispillion Art League Inc,https://mispillionarts.org/,NKS,https://mispillionarts.org/events-2/
ddoa-grantee,New Light Theatre Company,https://www.newlighttheatre.com/,https://www.newlighttheatre.com/pages-sitemap.xml,https://www.newlighttheatre.com/past-productions; https://www.newlighttheatre.com/spelling-bee
ddoa-grantee,"Newark Arts Alliance, Inc.",https://www.newarkartsalliance.org/,https://www.newarkartsalliance.org/sitemap.xml,https://www.newarkartsalliance.org/upcoming-events
ddoa-grantee,Newark Symphony Orchestra,https://newarksymphony.org/,https://newarksymphony.org/page-sitemap.xml,https://newarksymphony.org/event-sitemap.xml
ddoa-grantee,OperaDelaware,https://www.operade.org/,https://www.operade.org/sitemap.xml,https://operade.app.getcuebox.com/o/ZVM24G8G/shows
ddoa-grantee,"Pieces of a Dream, Inc.",https://www.piecesofadream.org/,http://www.piecesofadream.org/sitemap.xml,http://www.piecesofadream.org/tickets--events.html
ddoa-grantee,Possum Point Players,https://possumpointplayers.org/,https://possumpointplayers.org/sitemap.website.xml,https://possumpointplayers.org/calendar-1
ddoa-grantee,"Reed's Refuge, Inc.",https://www.reedsrefugecenter.org/,https://reedsrefugecenter.org/page-sitemap.xml,https://reedsrefugecenter.org/events_/
ddoa-grantee,Rehoboth Art League,https://www.rehobothartleague.org/,https://www.rehobothartleague.org/page-sitemap.xml,https://www.rehobothartleague.org/events/
ddoa-grantee,Rehoboth Beach Film Society,https://www.rehobothfilm.org/,https://www.rehobothfilm.org/sitemap.xml,https://www.rehobothfilm.org/CAT-this-week-cinema-art-theater-now-playing
ddoa-grantee,"Rehoboth Concert Band, Inc.",https://www.rehobothconcertband.org/,https://www.rehobothconcertband.org/sitemap.xml,https://www.rehobothconcertband.org/index.html
ddoa-grantee,Rehoboth Summer Children's Theatre,https://www.rehobothchildrenstheatre.org/,https://www.rehobothchildrenstheatre.org/sitemap.xml,https://www.rehobothchildrenstheatre.org/shows--schedule.html
ddoa-grantee,"Seaford Community Concert Association, inc",https://www.seafordconcerts.org/,https://seafordconcerts.org/page-sitemap.xml,https://seafordconcerts.org/concerts/
ddoa-grantee,Second Street Players,http://www.secondstreetplayers.com/,NKS,http://www.secondstreetplayers.com/Archive_20-29.html; https://milford.booktix.com/; http://www.secondstreetplayers.com/SSP-Main-Stage-2026.html
ddoa-grantee,Smyrna Clayton Heritage Association,https://www.smyrnaoperahouse.org/,https://smyrnaoperahouse.org/page-sitemap.xml,https://smyrnaoperahouse.org/tribe_events-sitemap.xml
ddoa-grantee,Southern Delaware Chorale,https://southerndelawarechorale.org/,https://southerndelawarechorale.org/sitemap.website.xml,https://southerndelawarechorale.org/2025-2026-season
ddoa-grantee,Southern Delaware Orchestra,https://www.sodelomusic.org/,https://www.sodelomusic.org/pages-sitemap.xml,https://www.sodelomusic.org/events
ddoa-grantee,The Brandywiners Ltd,http://www.brandywiners.org/,https://brandywiners.org/wp-sitemap-posts-page-1.xml,https://brandywiners.org/calendar/
ddoa-grantee,"The Children's Theatre, Inc.",https://www.thechildrenstheatreinc.org/,https://www.thechildrenstheatreinc.org/pages-sitemap.xml,https://www.thechildrenstheatreinc.org/shows
ddoa-grantee,"The Choir School of Delaware, Inc.",https://www.choirschoolofdelaware.org/,https://www.choirschoolofdelaware.org/sitemap.xml,https://www.choirschoolofdelaware.org/upcoming-events
ddoa-grantee,The Delaware Contemporary,http://decontemporary.org/,https://decontemporary.org/sitemap.xml,https://www.decontemporary.org/upcoming
ddoa-grantee,"The Dover Art League, Inc.",https://www.thedoverartleague.com/,https://www.thedoverartleague.com/sitemap.xml,https://www.thedoverartleague.com/events
ddoa-grantee,"The Henry Francis du Pont Winterthur Museum, Inc.",https://www.winterthur.org/,https://www.winterthur.org/page-sitemap.xml,https://www.winterthur.org/tribe_events-sitemap.xml
ddoa-grantee,"The Music School of Delaware, Inc",https://www.musicschoolofdelaware.org/,https://www.musicschoolofdelaware.org/page-sitemap.xml,https://www.musicschoolofdelaware.org/tribe_events-sitemap.xml
ddoa-grantee,The Rainbow Chorale of Delaware,https://therainbowchorale.org/,,https://therainbowchorale.org/past-performances; https://events.ticketleap.com/events/therainbowchorale
ddoa-grantee,Theatre N Inc,https://theatren.com/,https://theatren.com/sitemap.xml,https://theatren.com/coming-soon
ddoa-grantee,Wilmington Ballet Academy of the Dance Inc,https://www.wilmingtonballet.org/,https://www.wilmingtonballet.org/sitemap.xml,https://www.wilmingtonballet.org/events
ddoa-grantee,Wilmington Children's Chorus,https://www.wilmingtonchildrenschorus.org/,https://www.wilmingtonchildrenschorus.org/wp-sitemap-posts-page-1.xml,https://www.wilmingtonchildrenschorus.org/events/
ddoa-grantee,"Wilmington Concert Opera, Inc.",https://www.wilmingtonconcertopera.com/,https://www.wilmingtonconcertopera.com/sitemap.xml,https://www.wilmingtonconcertopera.com/events
ddoa-grantee,Wilmington Drama League,https://www.wilmingtondramaleague.org/,https://www.wilmingtondramaleague.org/pages-sitemap.xml,https://www.wilmingtondramaleague.org/2026-2027-season
non-grantee,Air Mobility Command Museum,https://www.amcmuseum.org/,https://www.amcmuseum.org/sitemap.xml,https://www.amcmuseum.org/events-sitemap.xml
non-grantee,Bootless Stageworks,https://www.bootless.org/,https://www.bootless.org/sitemap.xml,https://www.bootless.org/tc_events-sitemap.xml
non-grantee,Delaware Agricultural Museum & Village,https://agriculturalmuseum.org/,https://agriculturalmuseum.org/wp-sitemap-posts-page-1.xml,https://agriculturalmuseum.org/museum-events/
non-grantee,Delaware Botanic Gardens,https://delawaregardens.org/,https://delawaregardens.org/sitemap.xml,https://www.delawaregardens.org/press-releases
non-grantee,Delaware Center for Horticulture,https://thedch.org/,https://thedch.org/page-sitemap.xml,https://thedch.org/event-calendar/
non-grantee,Delaware Children's Museum,https://delawarechildrensmuseum.org/,https://delawarechildrensmuseum.org/sitemap.xml,https://delawarechildrensmuseum.org/events-sitemap.xml
non-grantee,Delaware Division of Historical & Cultural Affairs,https://history.delaware.gov/,https://history.delaware.gov/sitemap.xml,https://history.delaware.gov/tribe_events-sitemap.xml
non-grantee,Delaware Division of the Arts,https://arts.delaware.gov/,https://arts.delaware.gov/sitemap.xml,https://arts.delaware.gov/news/
non-grantee,Delaware Historical Society,https://dehistory.org/,https://dehistory.org/sitemap.xml,https://dehistory.org/calendar/list/
non-grantee,Delaware Museum of Nature & Science,https://delmns.org/,https://delmns.org/sitemap.xml,https://delmns.org/tribe_events-sitemap.xml
non-grantee,Delaware Nature Society,https://delawarenaturesociety.org/,https://delawarenaturesociety.org/sitemap.xml,https://delawarenaturesociety.org/tribe_events-sitemap.xml
non-grantee,DelawareScene (Div. of the Arts events portal),https://delawarescene.com/,NKS,https://delawarescene.com/search/
non-grantee,Hagley Museum and Library,https://www.hagley.org/,https://www.hagley.org/sitemap.xml,https://www.hagley.org/plan-your-visit/calendar/all-events
non-grantee,Historic Odessa Foundation,https://historicodessa.org/,https://historicodessa.org/sitemap.xml,https://historicodessa.org/events-calendar
non-grantee,Milton Theatre,https://www.miltontheatre.com/,https://www.miltontheatre.com/sitemap.xml,https://www.miltontheatre.com/rhp_events-sitemap1.xml
non-grantee,Mt. Cuba Center,https://mtcubacenter.org/,https://mtcubacenter.org/sitemap.xml,https://mtcubacenter.org/tribe_events-sitemap.xml
non-grantee,Nemours Estate,https://www.nemoursestate.org/,https://www.nemoursestate.org/sitemap.xml,https://www.nemoursestate.org/events.html
non-grantee,Old Swedes Historic Site,https://oldswedes.org/,https://oldswedes.org/sitemap.xml,https://oldswedes.org/events/
non-grantee,Riverfront Wilmington,https://riverfrontwilm.com/,https://riverfrontwilm.com/sitemap.xml,https://riverfrontwilm.com/tribe_events-sitemap.xml
non-grantee,The Queen (Wilmington),https://thequeenwilmington.com/,https://thequeenwilmington.com/sitemap.xml,https://thequeenwilmington.com/fad_tm_event-sitemap.xml
non-grantee,Visit Delaware,https://www.visitdelaware.com/,https://www.visitdelaware.com/sitemap.xml,https://www.visitdelaware.com/events/
non-grantee,Visit Rehoboth,https://www.visitrehoboth.com/,https://www.visitrehoboth.com/sitemap.xml,https://www.visitrehoboth.com/event
non-grantee,Lewes Historical Society,https://www.historiclewes.org/,https://www.historiclewes.org/sitemap_index.xml,https://www.historiclewes.org/tribe_events-sitemap.xml; https://www.historiclewes.org/events/
non-grantee,Schwartz Center for the Arts (Dover),https://www.schwartzcenter.com/,,
non-grantee,Delaware State Parks,https://www.destateparks.com/,,https://www.destateparks.com/programs/
non-grantee,UD - The Arts at Delaware,https://www.arts.udel.edu/,,
non-grantee,Arden Club / Gild Hall,https://www.ardenclub.com/,,
non-grantee,Brandywine Zoo,https://www.brandywinezoo.org/,https://brandywinezoo.org/sitemap_index.xml,https://brandywinezoo.org/tribe_events-sitemap.xml
non-grantee,Milford Museum,https://www.milfordmuseum.org/,,
non-grantee,Fort Miles Historical Association,https://www.fortmilesha.org/,https://fortmilesmuseum.org/fmha/page-sitemap.xml,
non-grantee,Visit Wilmington DE,https://www.visitwilmingtonde.com/,https://www.visitwilmingtonde.com/sitemap.xml,https://www.visitwilmingtonde.com/events
